target,spec,rmse,mae,mbe,r2,corr,mae_norm,mbe_norm
ratio,FULL_OOB,0.09649335619965888,0.061687156321118805,0.00038278755740090586,0.39150856092187847,0.6319306165828833,0.7084307437035862,0.004396028122261879
ratio,LOEO_event_pooled,0.11205723887594692,0.07295520242194206,-0.0037885445907783976,0.16824396354913407,0.4275950146507376,0.8378358055569503,-0.043508594366514663
ratio,LOSO_state_pooled,0.11011482671005003,0.06980958787305565,-0.007149000718817385,0.17511268121903067,0.4653788140055465,0.8017107807191705,-0.08210091367488437
ratio,Random_80_20_pooled,0.097570691827129,0.06297417341853763,-0.0003377272937863181,0.3849677610953607,0.6284888501845102,0.7171057288408752,-0.0038458016042621362
log_damage,FULL_OOB,1.7975943101669014,1.0958125908113385,-0.004208256617751864,0.8012491860103135,0.8959582307253035,0.1414712029422408,-0.0005432928321823784
log_damage,LOEO_event_pooled,2.0445507512859105,1.3285979702801702,-0.1686521222148767,0.7386736662360933,0.8640075336637548,0.17152417727103406,-0.021773265619110038
log_damage,LOSO_state_pooled,1.9589574918193902,1.2485201336444471,-0.03871931895181107,0.7572931720264403,0.8755662874892872,0.16118599720916765,-0.0049987275882287085
log_damage,Random_80_20_pooled,1.8193385974794636,1.1235337326096047,-0.015669725275233283,0.7986439506001017,0.8948544350774357,0.14539670941774038,-0.0020278220638797395
